{"cameraMode":{"drawMode":0,"name":"Shaded","section":"Shading Mode"},"sceneLighting":false,"audioPlay":false,"sceneViewState":{"m_AlwaysRefresh":false,"showFog":true,"showSkybox":false,"showFlares":true,"showImageEffects":true,"showParticleSystems":true,"showVisualEffectGraphs":true,"m_FxEnabled":true},"in2DMode":false,"pivot":{"x":-0.06346237659454346,"y":2.0848097801208498,"z":4.172325134277344e-7},"rotation":{"x":0.03758640214800835,"y":0.8714523911476135,"z":-0.06757105886936188,"w":0.4843636155128479},"size":5.650384902954102,"orthographic":true}