{"cameraMode":{"drawMode":0,"name":"Shaded","section":"Shading Mode"},"sceneLighting":true,"audioPlay":false,"sceneViewState":{"m_AlwaysRefresh":false,"showFog":true,"showSkybox":true,"showFlares":true,"showImageEffects":true,"showParticleSystems":true,"showVisualEffectGraphs":true,"m_FxEnabled":true},"in2DMode":false,"pivot":{"x":663.3214111328125,"y":822.7619018554688,"z":6.93865966796875},"rotation":{"x":-0.01199596282094717,"y":0.02549549750983715,"z":0.00030532319215126336,"w":0.9996060729026794},"size":823.328369140625,"orthographic":true}