{"cameraMode":{"drawMode":0,"name":"Shaded","section":"Shading Mode"},"sceneLighting":true,"audioPlay":false,"sceneViewState":{"m_AlwaysRefresh":false,"showFog":true,"showSkybox":true,"showFlares":true,"showImageEffects":true,"showParticleSystems":true,"showVisualEffectGraphs":true,"m_FxEnabled":true},"in2DMode":false,"pivot":{"x":17.425411224365236,"y":-6.566938400268555,"z":28.464435577392579},"rotation":{"x":-0.20967303216457368,"y":-0.49344825744628909,"z":0.12388394773006439,"w":-0.8350352048873901},"size":15.178473472595215,"orthographic":true}