{"cameraMode":{"drawMode":0,"name":"Shaded","section":"Shading Mode"},"sceneLighting":true,"audioPlay":false,"sceneViewState":{"m_AlwaysRefresh":false,"showFog":true,"showSkybox":true,"showFlares":true,"showImageEffects":true,"showParticleSystems":true,"showVisualEffectGraphs":true,"m_FxEnabled":true},"in2DMode":false,"pivot":{"x":6.017265796661377,"y":0.7684167623519898,"z":-0.03845471143722534},"rotation":{"x":-0.00318493926897645,"y":-0.9951961040496826,"z":0.0343448668718338,"w":-0.09190873056650162},"size":6.4264068603515629,"orthographic":true}