{"cameraMode":{"drawMode":0,"name":"Shaded","section":"Shading Mode"},"sceneLighting":false,"audioPlay":false,"sceneViewState":{"m_AlwaysRefresh":false,"showFog":true,"showSkybox":false,"showFlares":true,"showImageEffects":true,"showParticleSystems":true,"showVisualEffectGraphs":true,"m_FxEnabled":true},"in2DMode":false,"pivot":{"x":1.7004669904708863,"y":1.8773226737976075,"z":-1.5172154903411866},"rotation":{"x":0.05500943958759308,"y":0.7877340316772461,"z":-0.0710822120308876,"w":0.6094478964805603},"size":1.2575491666793824,"orthographic":true}