{"cameraMode":{"drawMode":0,"name":"Shaded","section":"Shading Mode"},"sceneLighting":false,"audioPlay":false,"sceneViewState":{"m_AlwaysRefresh":false,"showFog":true,"showSkybox":false,"showFlares":true,"showImageEffects":true,"showParticleSystems":true,"showVisualEffectGraphs":true,"m_FxEnabled":true},"in2DMode":false,"pivot":{"x":0.3628997802734375,"y":4.746625900268555,"z":-1.0843687057495118},"rotation":{"x":0.09869959205389023,"y":0.05281125381588936,"z":0.0052371155470609669,"w":-0.9937129616737366},"size":47.45740509033203,"orthographic":true}