{"cameraMode":{"drawMode":0,"name":"Shaded","section":"Shading Mode"},"sceneLighting":false,"audioPlay":false,"sceneViewState":{"m_AlwaysRefresh":false,"showFog":true,"showSkybox":false,"showFlares":true,"showImageEffects":true,"showParticleSystems":true,"showVisualEffectGraphs":true,"m_FxEnabled":true},"in2DMode":false,"pivot":{"x":1.0970818996429444,"y":6.893285751342773,"z":24.640411376953126},"rotation":{"x":-0.026698525995016099,"y":0.7019441723823547,"z":-0.026323311030864717,"w":-0.7112955451011658},"size":1.740805745124817,"orthographic":true}