{"cameraMode":{"drawMode":0,"name":"Shaded","section":"Shading Mode"},"sceneLighting":false,"audioPlay":false,"sceneViewState":{"m_AlwaysRefresh":false,"showFog":true,"showSkybox":false,"showFlares":true,"showImageEffects":true,"showParticleSystems":true,"showVisualEffectGraphs":true,"m_FxEnabled":true},"in2DMode":false,"pivot":{"x":29.600000381469728,"y":5.710000038146973,"z":-26.200000762939454},"rotation":{"x":0.09869959205389023,"y":0.05281125381588936,"z":0.0052371155470609669,"w":-0.9937129616737366},"size":1.7057551145553589,"orthographic":true}