{"cameraMode":{"drawMode":0,"name":"Shaded","section":"Shading Mode"},"sceneLighting":false,"audioPlay":false,"sceneViewState":{"m_AlwaysRefresh":false,"showFog":true,"showSkybox":false,"showFlares":true,"showImageEffects":true,"showParticleSystems":true,"showVisualEffectGraphs":true,"m_FxEnabled":true},"in2DMode":false,"pivot":{"x":4.019999027252197,"y":6.8742594718933109,"z":-6.798608303070068},"rotation":{"x":0.09869959205389023,"y":0.05281125381588936,"z":0.0052371155470609669,"w":-0.9937129616737366},"size":12.383758544921875,"orthographic":true}