{"cameraMode":{"drawMode":0,"name":"Shaded","section":"Shading Mode"},"sceneLighting":false,"audioPlay":false,"sceneViewState":{"m_AlwaysRefresh":false,"showFog":true,"showSkybox":false,"showFlares":true,"showImageEffects":true,"showParticleSystems":true,"showVisualEffectGraphs":true,"m_FxEnabled":true},"in2DMode":false,"pivot":{"x":-0.00003238022327423096,"y":0.28923386335372927,"z":2.2351741790771486e-8},"rotation":{"x":0.3248293995857239,"y":0.6146149039268494,"z":-0.30719661712646487,"w":0.6499043107032776},"size":0.3574206233024597,"orthographic":true}