{"cameraMode":{"drawMode":0,"name":"Shaded","section":"Shading Mode"},"sceneLighting":false,"audioPlay":false,"sceneViewState":{"m_AlwaysRefresh":false,"showFog":true,"showSkybox":false,"showFlares":true,"showImageEffects":true,"showParticleSystems":true,"showVisualEffectGraphs":true,"m_FxEnabled":true},"in2DMode":false,"pivot":{"x":0.13239288330078126,"y":13.4235258102417,"z":-0.01035308837890625},"rotation":{"x":-0.20967303216457368,"y":-0.49344825744628909,"z":0.12388394773006439,"w":-0.8350352048873901},"size":81.21239471435547,"orthographic":true}