{"cameraMode":{"drawMode":0,"name":"Shaded","section":"Shading Mode"},"sceneLighting":false,"audioPlay":false,"sceneViewState":{"m_AlwaysRefresh":false,"showFog":true,"showSkybox":false,"showFlares":true,"showImageEffects":true,"showParticleSystems":true,"showVisualEffectGraphs":true,"m_FxEnabled":true},"in2DMode":false,"pivot":{"x":-2.0222034454345705,"y":-0.7716622352600098,"z":1.1344459056854249},"rotation":{"x":-0.026698525995016099,"y":0.7019441723823547,"z":-0.026323311030864717,"w":-0.7112955451011658},"size":4.330127239227295,"orthographic":true}