{"cameraMode":{"drawMode":0,"name":"Shaded","section":"Shading Mode"},"sceneLighting":false,"audioPlay":false,"sceneViewState":{"m_AlwaysRefresh":false,"showFog":true,"showSkybox":false,"showFlares":true,"showImageEffects":true,"showParticleSystems":true,"showVisualEffectGraphs":true,"m_FxEnabled":true},"in2DMode":false,"pivot":{"x":571.8748779296875,"y":290.46246337890627,"z":49.665245056152347},"rotation":{"x":-0.060702305287122729,"y":-0.1562812775373459,"z":0.009647234342992306,"w":-0.9858294725418091},"size":204.7835235595703,"orthographic":true}