{"cameraMode":{"drawMode":0,"name":"Shaded","section":"Shading Mode"},"sceneLighting":false,"audioPlay":false,"sceneViewState":{"m_AlwaysRefresh":false,"showFog":true,"showSkybox":false,"showFlares":true,"showImageEffects":true,"showParticleSystems":true,"showVisualEffectGraphs":true,"m_FxEnabled":true},"in2DMode":false,"pivot":{"x":0.056595802307128909,"y":0.23025056719779969,"z":0.2257843017578125},"rotation":{"x":-0.20967303216457368,"y":-0.49344825744628909,"z":0.12388394773006439,"w":-0.8350352048873901},"size":14.257046699523926,"orthographic":true}