{"cameraMode":{"drawMode":0,"name":"Shaded","section":"Shading Mode"},"sceneLighting":false,"audioPlay":false,"sceneViewState":{"m_AlwaysRefresh":false,"showFog":true,"showSkybox":false,"showFlares":true,"showImageEffects":true,"showParticleSystems":true,"showVisualEffectGraphs":true,"m_FxEnabled":true},"in2DMode":false,"pivot":{"x":0.09329986572265625,"y":12.948685646057129,"z":1.3147697448730469},"rotation":{"x":-0.20967303216457368,"y":-0.49344825744628909,"z":0.12388394773006439,"w":-0.8350352048873901},"size":67.36933898925781,"orthographic":true}