{"cameraMode":{"drawMode":0,"name":"Shaded","section":"Shading Mode"},"sceneLighting":false,"audioPlay":false,"sceneViewState":{"m_AlwaysRefresh":false,"showFog":true,"showSkybox":false,"showFlares":true,"showImageEffects":true,"showParticleSystems":true,"showVisualEffectGraphs":true,"m_FxEnabled":true},"in2DMode":false,"pivot":{"x":-0.0018589496612548829,"y":0.006211072206497192,"z":0.10764968395233154},"rotation":{"x":0.09869959205389023,"y":0.05281125381588936,"z":0.0052371155470609669,"w":-0.9937129616737366},"size":2.3122246265411379,"orthographic":true}